GAGE_ID,GAGE_NAME,country,LAT,LONG,DRAINAGE_AREA_KM2
camelscl_1020002,Rio Desaguadero Cotacotani,Chile,-18.1945833333333,-69.2465277777778,377.7973962222508
camelscl_10340001,Rio Rahue En Desague Lago Rupanco,Chile,-40.7881944444444,-72.6884722222222,999.70939909763
camelscl_10432002,Rio Chamiza Ante Junta Rio Chico,Chile,-41.4465277777778,-72.8093055555556,587.8927738702904
camelscl_10701002,Rio Espolon En Desague Lago Espolon,Chile,-43.2171960673222,-71.9368004448662,485.8416926900936
camelscl_11147002,Rio Grande En Carretera Austral,Chile,-44.6423611111111,-72.28125,127.41146639776036
camelscl_11315001,Rio Claro En Pisicultura,Chile,-45.5743055555556,-72.08125,105.799023731706
camelscl_11514001,Rio Murta En Desembocadura,Chile,-46.4329166666667,-72.69875,895.0275621362446
camelscl_11532000,Rio Nef Antes Junta Estero El Revalse,Chile,-47.13875,-73.0876388888889,201.68284389477023
camelscl_12284003,Rio Vizcachas En Cerro Guido,Chile,-51.0151388888889,-72.4820833333333,1722.740047607194
camelscl_12802001,Rio Side En Cerro Sombrero,Chile,-52.8051388888889,-69.2634722222222,805.5530334423088
camelscl_12863002,Rio San Martin En San Sebastian,Chile,-53.31875,-68.66875,197.6318098237939
camelscl_12865001,Rio Chico En Ruta Y-895,Chile,-53.5493055555555,-68.69625,588.9745805716931
camelscl_1300009,Rio Ticnamar En Angostura,Chile,-18.5131944444444,-69.5656944444444,500.7079915132141
camelscl_2103003,Rio San Pedro En Camino Internacional,Chile,-21.9415277777778,-68.5331944444444,1254.9902803625855
camelscl_4302001,Rio Toro Antes Junta Rio La Laguna,Chile,-29.9731944444444,-70.0920833333333,468.3838353059716
camelscl_4314001,Rio Claro En Montegrande,Chile,-30.08875,-70.49125,1250.9327362262177
camelscl_4501001,Rio Hurtado En San Agustin,Chile,-30.4648611111111,-70.5390277777778,673.6666819291584
camelscl_4503001,Rio Hurtado En Angostura De Pangue,Chile,-30.4393055555556,-71.0020833333333,1839.7569857230728
camelscl_4511002,Rio Grande En Las Ramadas,Chile,-31.0115277777778,-70.5809722222222,569.3807244996287
camelscl_4723001,Rio Illapel En Huintil,Chile,-31.5665277777778,-70.9640277777778,1023.8358381934014
camelscl_5403002,Rio Aconcagua En Rio Blanco,Chile,-32.90875,-70.3040277777778,895.3062675224411
camelscl_5414001,Rio Putaendo En Resguardo Los Patos,Chile,-32.5020833333333,-70.58125,885.7378622715976
camelscl_5421001,Estero Catemu Antes Junta Rio Aconcagua,Chile,-32.7770833333333,-70.9773611111111,279.8601709655084
camelscl_5707002,Rio Colorado Antes Junta Rio Maipo,Chile,-33.5876388888889,-70.3656944444444,1665.0046414268518
camelscl_5741001,Estero Puangue En Boqueron,Chile,-33.1715277777778,-71.1309722222222,144.53900164674917
camelscl_7115001,Rio Palos En Junta Con Colorado,Chile,-35.2751388888889,-71.0165277777778,490.4214936261852
camelscl_7300001,Rio Maule En Desague Laguna Del Maule,Chile,-36.0115277777778,-70.5554166666667,308.5983199833026
camelscl_7335002,Estero Curipeumo En Lo Hernandez,Chile,-35.9668055555556,-72.0170833333333,216.9468158486366
camelscl_7354001,Rio Achibueno En Los Pegnascos,Chile,-35.96375,-71.4909722222222,974.1566170359554
camelscl_8118001,Rio Changaral Camino A Portezuelo,Chile,-36.549734317605,-72.2773798759678,1130.7566490003849
camelscl_8134003,Rio Larqui En Santa Cruz De Cuca,Chile,-36.7041693080299,-72.3884870550027,635.3398601936218
camelscl_8393002,Estero Hualqui En Desembocadura,Chile,-36.983041125272,-72.9426341104388,111.1372970979236
camelscl_8700002,Rio Curanilahue En Curanilahue,Chile,-37.4785663463475,-73.3370645960125,107.48701792681804
camelscl_9101002,Rio Puren En Puren,Chile,-38.0154779227708,-73.0423528036226,288.82812272909314
hysets_01031450,"Kingsbury Stream at Abbot Village, Maine",United States of America,45.1844444,-69.4522222,238.08556305813497
hysets_01054200,"Wild River at Gilead, Maine",United States of America,44.39055556,-70.9797222,180.3925138437776
hysets_01055500,"Nezinscot River at Turner Center, Maine",United States of America,44.26944444,-70.2297222,436.1968122355826
hysets_01076500,"PEMIGEWASSET RIVER AT PLYMOUTH, NH",United States of America,43.7592388,-71.6856337,1609.2722815613924
hysets_01111500,"BRANCH RIVER AT FORESTDALE, RI",United States of America,41.99648716,-71.5625632,236.36724948885816
hysets_01117430,"PAWCATUCK RIVER AT KENYON, RI",United States of America,41.44621186,-71.6211738,188.2619108216251
hysets_01134500,"MOOSE RIVER AT VICTORY, VT",United States of America,44.5117231,-71.8373143,195.14620831855632
hysets_01333000,"GREEN RIVER AT WILLIAMSTOWN, MA",United States of America,42.7089695,-73.1967729,110.36701802427528
hysets_01350200,WEST KILL AT NORTH BLENHEIM NY,United States of America,42.4686111,-74.4591667,119.59906671496522
hysets_01401000,Stony Brook at Princeton NJ,United States of America,40.33305556,-74.6819444,116.09132675137386
hysets_01422500,LITTLE DELAWARE RIVER NEAR DELHI NY,United States of America,42.2522222,-74.9016667,128.61341110227644
hysets_01445500,Pequest River at Pequest NJ,United States of America,40.83055556,-74.97777778,272.78937351046784
hysets_01450020,"Pohopoco Creek at Mouth at Parryville, PA",United States of America,40.8181482,-75.6737996,285.43222114055567
hysets_01451420,"Little Lehigh Creek near East Texas, PA",United States of America,40.53870787,-75.5724085,126.5402062059603
hysets_01479000,"WHITE CLAY CREEK NEAR NEWARK, DE",United States of America,39.6992222,-75.67502778,230.5813504263588
hysets_01505000,CHENANGO RIVER AT SHERBURNE NY,United States of America,42.6786111,-75.5105556,659.988258903081
hysets_01542000,"Moshannon Creek at Osceola Mills, PA",United States of America,40.8495025,-78.2677928,178.07459554834466
hysets_01546500,"Spring Creek near Axemann, PA",United States of America,40.88978334,-77.794168,223.33285552360272
hysets_01548000,"Bald Eagle Creek at Beech Creek Station, PA",United States of America,41.06534338,-77.5672135,1444.315462583588
hysets_01554500,"Shamokin Creek near Shamokin, PA",United States of America,40.81036345,-76.5841252,140.6979704146973
hysets_01556000,"Frankstown Br Juniata River at Williamsburg, PA",United States of America,40.4631283,-78.199732,748.2932918595618
hysets_01568000,"Sherman Creek at Shermans Dale, PA",United States of America,40.32341928,-77.1688703,534.5158645909756
hysets_01572030,"Swatara Creek near Suedberg, PA",United States of America,40.52481166,-76.4563488,323.0579800944804
hysets_01573000,"Swatara Creek at Harper Tavern, PA",United States of America,40.4025897,-76.57718829,870.5522884519625
hysets_01576105,"Conestoga River near Terre Hill, PA",United States of America,40.14565158,-76.07772469,130.9017854914695
hysets_01580520,"DEER CREEK NEAR DARLINGTON, MD",United States of America,39.61744444,-76.1918611,425.1602399491629
hysets_01589478,"JONES FALLS AT MARYLAND AVE AT BALTIMORE, MD",United States of America,39.30930556,-76.6194167,145.03212565975633
hysets_01601500,"WILLS CREEK NEAR CUMBERLAND, MD",United States of America,39.6696111,-78.7880278,640.5934811637478
hysets_01643880,"BEAVERDAM CREEK AT RT 734 NEAR MOUNTVILLE, VA",United States of America,39.0377222,-77.72225,122.16892637115308
hysets_01645000,"SENECA CREEK AT DAWSONVILLE, MD",United States of America,39.1280833,-77.33577778,263.7292103410743
hysets_01649500,"NORTHEAST BRANCH ANACOSTIA RIVER AT RIVERDALE, MD",United States of America,38.96025,-76.9259722,187.46897919168865
hysets_01657020,"BULL RUN NEAR MANASSAS PARK, VA",United States of America,38.80344739,-77.44943289,381.5645799111985
hysets_01657415,"BULL RUN NEAR CLIFTON, VA",United States of America,38.76650359,-77.41415419,478.5252028220864
hysets_01658000,"MATTAWOMAN CREEK NEAR POMONKEY, MD",United States of America,38.59613889,-77.05602778,143.34389733209167
hysets_01663500,"HAZEL RIVER AT RIXEYVILLE, VA",United States of America,38.59178867,-77.9649962,738.2995863453533
hysets_01672500,"SOUTH ANNA RIVER NEAR ASHLAND, VA",United States of America,37.796809,-77.5488744,1022.4800980198934
hysets_01AQ001,LEPREAU RIVER AT LEPREAU,Canada,45.16978,-66.46828,230.03591477442475
hysets_01BG008,CASCAPEDIA (PETITE RIVIERE) A SAINT-EDGAR,Canada,48.23083,-65.735,1346.7513710413818
hysets_01ED005,MERSEY RIVER BELOW GEORGE LAKE,Canada,44.33314,-65.20508,719.7221113633235
hysets_01FB003,SOUTHWEST MARGAREE RIVER NEAR UPPER MARGAREE,Canada,46.22311,-61.13692,359.4114160824098
hysets_02011460,"BACK CREEK NEAR SUNRISE, VA",United States of America,38.24540129,-79.76866328,156.01078252427178
hysets_02020500,"CALFPASTURE RIVER ABOVE MILL CREEK AT GOSHEN, VA",United States of America,37.98790619,-79.49365288,365.1409477345622
hysets_02034500,"WILLIS RIVER AT LAKESIDE VILLAGE, VA",United States of America,37.6668125,-78.1663887,681.3804875047742
hysets_02051500,"MEHERRIN RIVER NEAR LAWRENCEVILLE, VA",United States of America,36.71681395,-77.8316582,1430.6237154296591
hysets_02052000,"MEHERRIN RIVER AT EMPORIA, VA",United States of America,36.69014954,-77.5405364,1929.1496910628423
hysets_02053500,"AHOSKIE CREEK AT AHOSKIE, NC",United States of America,36.28027778,-76.9994444,165.69338548391087
hysets_02059485,"GOOSE CREEK AT RT 747 NEAR BUNKER HILL, VA",United States of America,37.26638889,-79.5877778,322.6826706883013
hysets_02079640,"ALLEN CREEK NEAR BOYDTON, VA",United States of America,36.67958589,-78.326664,138.7608093243828
hysets_0208111310,"CASHIE RIVER AT SR1257 NEAR WINDSOR, NC",United States of America,36.04777778,-76.9841667,288.2641868630483
hysets_02081747,"TAR R AT US 401 AT LOUISBURG, NC",United States of America,36.09305556,-78.2961111,1126.2882233111482
hysets_02088000,"MIDDLE CREEK NEAR CLAYTON, NC",United States of America,35.5708333,-78.5905556,215.7977318988046
hysets_02088500,"LITTLE RIVER NEAR PRINCETON, NC",United States of America,35.51138889,-78.1602778,594.7817802731015
hysets_02092000,"SWIFT CREEK NEAR VANCEBORO, NC",United States of America,35.34516225,-77.1955108,478.11948241527153
hysets_02120780,"SECOND CREEK NEAR BARBER, NC",United States of America,35.7176083,-80.596075,304.4488256389152
hysets_0212501005,"BIG BEAR CR AT SR1214 NR BLOOMINGTON, NC",United States of America,35.3068099,-80.3186729,161.5756839347712
hysets_0214676115,"MCALPINE CREEK AT SR2964 NR CAMP COX, SC",United States of America,35.0408333,-80.8916667,250.19630411163612
hysets_02151000,"SECOND BROAD RIVER AT CLIFFSIDE, NC",United States of America,35.23567858,-81.76565609,569.6760318230289
hysets_02158408,"SOUTH TYGER RIVER BELOW DUNCAN, SC",United States of America,34.92095239,-82.130109,246.8769276004845
hysets_02162010,"CEDAR CREEK NEAR BLYTHEWOOD, SC",United States of America,34.19570529,-81.1034247,126.92556475890626
hysets_021677037,"LITTLE SALUDA RIVER AT SALUDA,SC",United States of America,34.00819068,-81.7414956,234.8816283895676
hysets_02173000,"SOUTH FORK EDISTO RIVER NEAR DENMARK, SC",United States of America,33.39320916,-81.1331559,1899.1890219456727
hysets_02197830,"BRIER CREEK NEAR WAYNESBORO, GA",United States of America,33.1182057,-81.9637281,1226.035443719578
hysets_02207220,"YELLOW RIVER AT PLEASANT HILL ROAD, NR LITHONIA,GA",United States of America,33.73371945,-84.061859,560.4310102798753
hysets_02221525,"MURDER CREEK BELOW EATONTON, GA",United States of America,33.25235506,-83.4812762,492.7128509904472
hysets_02223360,"BIG SANDY CREEK AT US 441, NEAR IRWINTON, GA",United States of America,32.76653786,-83.1679321,476.1416527427219
hysets_02227500,"LITTLE SATILLA RIVER NEAR OFFERMAN, GA",United States of America,31.45132604,-82.054561,1703.4310574260817
hysets_02231342,"FT DRUM CREEK AT SUNSHINE ST PKY NEAR FT DRUM, FL",United States of America,27.5686473,-80.7961709,137.5405692768611
hysets_02232415,"TAYLOR CREEK NEAR COCOA, FL",United States of America,28.3525071,-80.9283928,150.63267216079583
hysets_022349993,"WEKIVA RIVER AT OLD RR CROSSING NEAR SANFORD, FL",United States of America,28.79277096,-81.4134022,441.2750213317057
hysets_02238000,"HAYNES CREEK AT LISBON, FL",United States of America,28.87082178,-81.7836894,1864.4352436625009
hysets_02240902,"PRAIRIE CREEK NEAR GAINESVILLE, FL",United States of America,29.61163537,-82.2487121,281.5206942081907
hysets_02269520,LIVINGSTON CREEK NEAR FROSTPROOF FL,United States of America,27.708641,-81.4464626,307.7437365424449
hysets_02294775,PEACE RIVER AT CLEAR SPRINGS NEAR BARTOW FL,United States of America,27.86333333,-81.8075,1057.3443760238963
hysets_02298202,SHELL CREEK NEAR PUNTA GORDA FL,United States of America,26.98478094,-81.9356414,887.8820789129906
hysets_02298830,MYAKKA RIVER NEAR SARASOTA FL,United States of America,27.240605,-82.3137035,575.9188025862835
hysets_02302500,BLACKWATER CREEK NEAR KNIGHTS FL,United States of America,28.1397222,-82.15,243.50241045823844
hysets_02303330,HILLSBOROUGH R AT MORRIS BR NEAR THONOTOSASSA FL,United States of America,28.0986111,-82.31138889,986.147661160854
hysets_02311500,"WITHLACOOCHEE RIVER NEAR DADE CITY, FL",United States of America,28.3525042,-82.12591619,924.997468182111
hysets_02317797,"LITTLE RIVER AT UPPER TY TY ROAD, NEAR TIFTON, GA",United States of America,31.48185048,-83.5840559,332.7383220801252
hysets_02320700,"SANTA FE RIVER NEAR GRAHAM, FLA.",United States of America,29.84635394,-82.2195493,236.59961032768584
hysets_02324500,"FENHOLLOWAY RIVER AT FOLEY, FLA.",United States of America,30.06549165,-83.5579246,267.4518100846897
hysets_02326900,"ST. MARKS RIVER NEAR NEWPORT, FLA.",United States of America,30.2714311,-84.1482508,1384.6196315400646
hysets_02327033,LOST CREEK AT ARRAN FLA,United States of America,30.18825753,-84.40823469,189.2146152296815
hysets_02329600,"LITTLE RIVER NR MIDWAY, FLA.",United States of America,30.5124192,-84.5235206,790.6934932519413
hysets_02338840,"YELLOWJACKET CREEK-HAMMETT RD, BLW HOGANSVILLE, GA",United States of America,33.1395665,-84.975215,233.89241589372455
hysets_02339225,"WEHADKEE CREEK BELOW ROCK MILLS, ALA.",United States of America,33.1223435,-85.2491113,155.14579777125252
hysets_02370000,"BLACKWATER RIVER NR BAKER, FLA.",United States of America,30.8335197,-86.7346786,534.8736364133376
hysets_02374700,"MURDER CREEK AT STATE HWY 41 AT BREWTON, AL.",United States of America,31.10101137,-87.06885829,1127.0595542469764
hysets_02374745,"BURNT CORN CREEK AT STATE HWY 41 NEAR BREWTON, AL.",United States of America,31.1298991,-87.0871928,472.5993814408752
hysets_02381090,"MOUNTAINTOWN CREEK AT GA 282, NEAR ELLIJAY, GA",United States of America,34.70314028,-84.5393744,159.736085667293
hysets_02388350,"ARMUCHEE CREEK AT OLD DALTON ROAD, NEAR ROME, GA",United States of America,34.36092389,-85.1402274,580.5260429754202
hysets_02397410,"CEDAR CREEK AT GA AVE, AT CEDARTOWN, GA",United States of America,33.99593419,-85.264674,168.70094897387764
hysets_02411930,"TALLAPOOSA RIVER BELOW TALLAPOOSA, GEORGIA",United States of America,33.74093858,-85.336342,705.5400274178346
hysets_02422500,MULBERRY CREEK AT JONES AL,United States of America,32.5829103,-86.9035991,527.4581812509308
hysets_02430012,"MACKEYS CREEK BL BAY SPRINGS LOCK AND DAM, MS",United States of America,34.51231996,-88.326157,176.84603045374746
hysets_02435020,"TOWN CREEK AT EASON BOULEVARD AT TUPELO, MS",United States of America,34.23555556,-88.6958333,560.0622446925898
hysets_02446500,"SIPSEY RIVER NR ELROD, AL",United States of America,33.25706249,-87.7764022,1368.5674487823978
hysets_02453000,BLACKWATER CREEK NEAR MANCHESTER AL,United States of America,33.90843985,-87.2569514,470.6548001285283
hysets_02462000,VALLEY CREEK NEAR OAK GROVE AL,United States of America,33.44733226,-87.1222186,384.21106565724045
hysets_02473500,"TALLAHALA CREEK AT LAUREL, MS",United States of America,31.68083333,-89.1155556,619.7046222068426
hysets_02479160,"BLACK CREEK NR WIGGINS, MS",United States of America,30.85333333,-88.9136111,1817.3095564835703
hysets_02481000,"BILOXI RIVER AT WORTHAM, MS",United States of America,30.5586111,-89.1219444,248.9952548194676
hysets_02492343,"EAST HOBOLOCHITTO CREEK NR CAESAR, MS",United States of America,30.57416667,-89.5947222,241.1340905850098
hysets_02BA006,STEEL RIVER BELOW SANTOY LAKE,Canada,48.81371,-86.85934,1183.2070345049178
hysets_02CF011,VERMILION RIVER NEAR VAL CARON,Canada,46.68544,-81.00925,678.6097139245244
hysets_02EA018,MAGNETAWAN RIVER NEAR EMSDALE,Canada,45.5567,-79.28798,401.5588006772149
hysets_02EC019,BLACK RIVER NEAR VANKOUGHNET,Canada,44.99256,-79.04956,353.0059691392657
hysets_02ED014,PINE RIVER NEAR EVERETT,Canada,44.20003,-79.96,189.60862438127543
hysets_02GA018,NITH RIVER AT NEW HAMBURG,Canada,43.37722,-80.71081,543.2216903305415
hysets_02GG013,BLACK CREEK NEAR BRADSHAW,Canada,42.76244,-82.25922,212.99250471740692
hysets_02HG001,MARIPOSA BROOK NEAR LITTLE BRITAIN,Canada,44.28964,-78.84161,171.72910895219076
hysets_02HL004,SKOOTAMATTA RIVER NEAR ACTINOLITE,Canada,44.54957,-77.32813,676.1825817679165
hysets_02HM005,COLLINS CREEK NEAR KINGSTON,Canada,44.25656,-76.61256,159.79925211266357
hysets_02OB033,SAINT-ESPRIT (RIVIERE) PRES DE L'EPIPHANIE,Canada,45.86833,-73.4825,242.8829453981584
hysets_02PL005,"BECANCOUR (RIVIERE) A 2,1 KM EN AMONT DE LA RIVIERE PALMER",Canada,46.30611,-71.45139,910.0243847107484
hysets_02QC001,MADELEINE (RIVIERE) A RIVIERE-LA-MADELEINE,Canada,49.20278,-65.29556,1219.705901980567
hysets_02QC009,"SAINTE-ANNE (RIVIERE) A 9,7 KM EN AMONT DU PONT-ROUTE 132",Canada,49.05889,-66.48667,787.0872618350418
hysets_02UC005,MATAMEC (RIVIERE),Canada,50.34167,-65.93861,466.5160777699069
hysets_02XB002,COXIPI (RIVIERE) A LA SORTIE DU LAC COXIPI,Canada,51.50222,-58.39611,1012.4333502152532
hysets_02YD002,NORTHEAST BROOK NEAR RODDICKTON,Canada,50.92442,-56.11169,197.15595575803013
hysets_02YM004,INDIAN BROOK DIVERSION ABOVE BIRCHY LAKE,Canada,49.36725,-56.61519,241.93697702478767
hysets_02YO006,PETERS RIVER NEAR BOTWOOD,Canada,49.10383,-55.39669,177.2749401385354
hysets_02YO008,GREAT RATTLING BROOK ABOVE TOTE RIVER CONFLUENCE,Canada,48.82667,-55.52869,801.4424507226917
hysets_02YR001,MIDDLE BROOK NEAR GAMBO,Canada,48.80739,-54.22256,265.1464633781537
hysets_03028000,"West Branch Clarion River at Wilcox, PA",United States of America,41.57533955,-78.69224919,163.04867386862733
hysets_03032500,"Redbank Creek at St. Charles, PA",United States of America,40.9945093,-79.3942088,1377.209155161442
hysets_03034000,"Mahoning Creek at Punxsutawney, PA",United States of America,40.93923105,-79.00836738,407.7430569311035
hysets_03050500,"TYGART VALLEY RIVER NEAR ELKINS, WV",United States of America,38.92371705,-79.8789587,707.9054748921018
hysets_03098500,Mill Creek at Youngstown OH,United States of America,41.07200276,-80.69035408,172.84075616439026
hysets_03106500,"Slippery Rock Creek at Wurtemburg, PA",United States of America,40.8839524,-80.2336726,1041.8753957844783
hysets_03111500,Short Creek near Dillonvale OH,United States of America,40.19340427,-80.7342482,318.3968753137135
hysets_03149500,Salt Creek near Chandlersville OH,United States of America,39.9086814,-81.8604105,195.6736102826196
hysets_03155220,"SOUTH FORK HUGHES RIVER BELOW MACFARLAN, WV",United States of America,39.07896905,-81.2123373,593.1943935496286
hysets_03178000,"BLUESTONE R NR SPANISHBURG, WV",United States of America,37.43345124,-81.1109264,515.3115758252594
hysets_03179000,"BLUESTONE RIVER NEAR PIPESTEM, WV",United States of America,37.54400779,-81.0103678,1022.3791018829596
hysets_03182500,"GREENBRIER RIVER AT BUCKEYE, WV",United States of America,38.18595326,-80.1306225,1401.953203785351
hysets_03201555,Raccoon Creek near New Plymouth OH,United States of America,39.3689584,-82.3909869,111.6359816892696
hysets_03201902,Raccoon Creek near Bolins Mills OH,United States of America,39.23055556,-82.2858333,529.5654026281999
hysets_03202400,"GUYANDOTTE RIVER NEAR BAILEYSVILLE, WV",United States of America,37.60400034,-81.6451096,792.5663826889403
hysets_03230500,Big Darby Creek at Darbyville OH,United States of America,39.7006176,-83.110187,1378.5352652339825
hysets_03237250,"KINNICONICK CREEK NEAR TANNERY, KY",United States of America,38.5434109,-83.2246249,518.7891529815295
hysets_03241500,Massies Creek at Wilberforce OH,United States of America,39.72238889,-83.8823056,170.55184424422214
hysets_03251200,"NORTH FORK LICKING RIVER NEAR MT OLIVET, KY",United States of America,38.5947955,-84.0202056,581.6604579062952
hysets_03260706,Bokengehalas Creek at De Graff OH,United States of America,40.31116317,-83.9124371,102.8580818183092
hysets_03271000,Wolf Creek at Dayton OH,United States of America,39.76672525,-84.2366086,179.9885605755784
hysets_03272700,Sevenmile Creek at Camden OH,United States of America,39.6292196,-84.6443964,177.52158919519755
hysets_03281100,"GOOSE CREEK AT MANCHESTER, KY",United States of America,37.15203405,-83.7601974,421.9046941785703
hysets_03298000,"FLOYDS FORK AT FISHERVILLE, KY",United States of America,38.18840166,-85.460235,357.8314396925165
hysets_03300400,"BEECH FORK AT MAUD, KY",United States of America,37.83283985,-85.2960686,1128.0471180052955
hysets_03301000,"BEECH FORK AT BARDSTOWN, KY",United States of America,37.79700569,-85.4807919,1730.4931554186385
hysets_03302110,OTTER CREEK AT OTTER CR PARK NEAR ROCK HAVEN KY.,United States of America,37.92340395,-86.0305208,255.0814277584928
hysets_03334500,"SOUTH FORK WILDCAT CREEK NEAR LAFAYETTE, IN",United States of America,40.4178136,-86.7680627,629.4391215338649
hysets_03336645,"MIDDLE FORK VERMILION RIVER ABOVE OAKWOOD, IL",United States of America,40.1369806,-87.74585779,1118.5893452722232
hysets_03336900,"SALT FORK NEAR ST. JOSEPH, IL",United States of America,40.14944444,-88.0341667,338.96351914275425
hysets_03348000,"WHITE RIVER AT ANDERSON, IN",United States of America,40.10527778,-85.67138889,1050.24479153683
hysets_03351500,"FALL CREEK NEAR FORTVILLE, IN",United States of America,39.9547618,-85.8674803,446.8030960348148
hysets_03364200,"HAW CREEK NEAR CLIFFORD, IN",United States of America,39.26782898,-85.8561,122.1193698282743
hysets_03364500,"CLIFTY CREEK AT HARTSVILLE, IN",United States of America,39.2747732,-85.7016469,236.6442697989897
hysets_03373508,"BEAVER CREEK NEAR SHOALS, IN",United States of America,38.67310707,-86.7449971,141.73260941360007
hysets_03382100,"SOUTH FORK SALINE RIVER NR CARRIER MILLS, IL",United States of America,37.63782725,-88.6778342,367.2474191745987
hysets_03408500,"NEW RIVER AT NEW RIVER, TN",United States of America,36.3855167,-84.5547174,990.2138320777516
hysets_03416000,"WOLF RIVER NEAR BYRDSTOWN, TN",United States of America,36.5603447,-85.0730073,274.09648991449404
hysets_03438000,"LITTLE RIVER NEAR CADIZ, KY",United States of America,36.77782614,-87.721682,632.9203980309787
hysets_03498850,"LITTLE RIVER NEAR ALCOA, TN",United States of America,35.8088391,-83.926578,775.213631675959
hysets_03512000,"OCONALUFTEE RIVER AT BIRDTOWN, NC",United States of America,35.46138889,-83.3536111,475.9957832979596
hysets_03524500,"GUEST RIVER AT COEBURN, VA",United States of America,36.92926938,-82.4562619,225.44957073106852
hysets_03531500,"POWELL RIVER NEAR JONESVILLE, VA",United States of America,36.66203367,-83.0948928,827.5390494694865
hysets_03558000,"TOCCOA RIVER NEAR DIAL, GA",United States of America,34.7900852,-84.239916,456.6845564869549
hysets_03567340,"WEST CHICKAMAUGA CR AT GA 146, NEAR LAKEVIEW, GA",United States of America,34.95729786,-85.2055095,386.52551359771456
hysets_03572110,CROW CREEK AT BASS,United States of America,34.93424968,-85.9174783,338.0379371611893
hysets_03578000,"ELK RIVER NEAR PELHAM, TN",United States of America,35.29679918,-85.8697528,168.51306361344865
hysets_03593800,"HORSE CREEK NEAR SAVANNAH, TENN (TVA)",United States of America,35.18065694,-88.2096087,275.09428556562926
hysets_03597898,"FLAT CREEK AT HWY 231 BELOW SHELBYVILLE, TN",United States of America,35.4598066,-86.4695273,127.05067304392462
hysets_03599100,"BIG ROCK CR AT DOUBLE BRIDGES, TN",United States of America,35.50465279,-86.7675435,133.35387241831597
hysets_03OA010,FLORA CREEK BELOW FLORA LAKE,Canada,52.97175,-66.83489,138.4929839831706
hysets_04015330,"KNIFE RIVER NEAR TWO HARBORS, MN",United States of America,46.94688005,-91.7924013,223.3313428826356
hysets_04025500,"BOIS BRULE RIVER AT BRULE, WI",United States of America,46.53777778,-91.5952778,297.29346765739695
hysets_04062100,"PESHEKEE RIVER NR MICHIGAMME, MI",United States of America,46.58187798,-87.9976332,177.690999735017
hysets_04072150,"DUCK CREEK NEAR HOWARD, WI",United States of America,44.53338889,-88.1296944,275.71853203211475
hysets_04078500,"EMBARRASS RIVER NEAR EMBARRASS, WI",United States of America,44.7247222,-88.7361111,1004.1596839465394
hysets_04085427,"MANITOWOC RIVER AT MANITOWOC, WI",United States of America,44.1072222,-87.7152778,1341.9700445505168
hysets_040863075,"NORTH BRANCH MILWAUKEE RIVER NEAR RANDOM LAKE, WI",United States of America,43.5569417,-88.0528715,135.45374246578675
hysets_04087240,"ROOT RIVER AT RACINE, WI",United States of America,42.75138889,-87.8236111,489.9858846945013
hysets_04095300,"TRAIL CREEK AT MICHIGAN CITY, IN",United States of America,41.7167066,-86.85975109,138.82584321355984
hysets_04096400,"ST. JOSEPH RIVER NEAR BURLINGTON, MI",United States of America,42.10310135,-85.0402524,523.8566049332534
hysets_04099750,"PIGEON RIVER NEAR SCOTT, IN",United States of America,41.7489396,-85.5763747,930.7174071197936
hysets_04100500,"ELKHART RIVER AT GOSHEN, IN",United States of America,41.5933827,-85.8486057,1524.2872350226558
hysets_04105000,"BATTLE CREEK AT BATTLE CREEK, MI",United States of America,42.33142969,-85.1536025,714.0799822985149
hysets_04114500,"LOOKING GLASS RIVER AT HINMAN RD NEAR EAGLE, MI",United States of America,42.829479,-84.7786013,730.9987271627199
hysets_04126970,"BOARDMAN R ABOVE BROWN BRIDGE ROAD NR MAYFIELD, MI",United States of America,44.65667,-85.436731,326.19766092836835
hysets_04127997,"STURGEON RIVER AT WOLVERINE, MI",United States of America,45.27445746,-84.6000315,485.54538538993694
hysets_04135700,"SOUTH BRANCH AU SABLE RIVER NEAR LUZERNE, MI",United States of America,44.61473849,-84.455575,1009.2555507558708
hysets_04145000,"SHIAWASSEE RIVER NEAR FERGUS, MI",United States of America,43.2547478,-84.1055324,1610.130459227992
hysets_04148140,"KEARSLEY CREEK NEAR DAVISON, MI",United States of America,43.0336381,-83.5813417,246.55863634358755
hysets_04155500,"PINE RIVER NEAR MIDLAND, MI",United States of America,43.56447276,-84.3691619,1060.3439383935588
hysets_04159900,"MILL CREEK NEAR AVOCA, MI",United States of America,43.0544713,-82.734649,438.16024242117936
hysets_04160398,"PINE RIVER AT NEUMAN ROAD NEAR MARYSVILLE, MI",United States of America,42.8586422,-82.5379715,436.9140287629856
hysets_04164980,"MIDDLE BRANCH CLINTON RIVER NEAR WALDENBURG, MI",United States of America,42.6428109,-82.9332572,117.32391196158204
hysets_04166100,"RIVER ROUGE AT SOUTHFIELD, MI",United States of America,42.4475356,-83.29743079,223.89186521560677
hysets_04188496,Eagle Creek above Findlay OH,United States of America,40.9792203,-83.6532653,134.68923161000214
hysets_04197100,Honey Creek at Melmore OH,United States of America,41.022278,-83.1096382,387.3535534408098
hysets_04199500,Vermilion River near Vermilion OH,United States of America,41.38199,-82.3168273,686.0734525508162
hysets_04203900,Cuyahoga River at Cuyahoga Falls OH,United States of America,41.13700049,-81.4815028,863.2622592414967
hysets_04217000,TONAWANDA CREEK AT BATAVIA NY,United States of America,42.9975,-78.1886111,442.6206907292847
hysets_04224775,CANASERAGA CREEK ABOVE DANSVILLE NY,United States of America,42.53555556,-77.7041667,231.65468203464917
hysets_04227000,CANASERAGA CREEK AT SHAKERS CROSSING NY,United States of America,42.73694444,-77.8405556,874.7135760701783
hysets_04249200,NORTH BRANCH SALMON RIVER AT REDFIELD NY,United States of America,43.5422222,-75.81388889,209.398803593759
hysets_04268800,WEST BRANCH ST. REGIS RIVER NEAR PARISHVILLE NY,United States of America,44.5986111,-74.7372222,443.1835592567727
hysets_04273700,SALMON RIVER AT SOUTH PLATTSBURGH NY,United States of America,44.64,-73.4947222,169.330266960011
hysets_05052500,"ANTELOPE CREEK AT DWIGHT, ND",United States of America,46.31134769,-96.7345217,725.5782752838808
hysets_05131455,"NETT LAKE RIVER NEAR NETT LAKE, MN",United States of America,48.1104829,-93.1871095,333.3989987067273
hysets_05287890,"ELM CREEK NR CHAMPLIN, MN",United States of America,45.1632981,-93.4366212,224.41102228247303
hysets_05315000,"REDWOOD RIVER NEAR MARSHALL, MN",United States of America,44.43016667,-95.8295556,670.4676391903006
hysets_05316500,"REDWOOD RIVER NEAR REDWOOD FALLS, MN",United States of America,44.5235701,-95.1724992,1612.943260379678
hysets_05358190,"BUTTERNUT CREEK @ CT HIGHWAY B NEAR PARK FALLS, WI",United States of America,45.93884408,-90.5384983,118.48075111971384
hysets_05367102,"RED CEDAR RIVER @ CNTY TRNK HGHWY D @ BIRCHWOOD,WI",United States of America,45.65912287,-91.5601647,155.28496539944203
hysets_05407470,"KICKAPOO RIVER AT STATE HIGHWAY 33 AT ONTARIO, WI",United States of America,43.72166667,-90.5875,303.18940701805974
hysets_05427718,"YAHARA RIVER AT WINDSOR, WI",United States of America,43.20888889,-89.3525,191.0110041639832
hysets_05438170,"KISHWAUKEE RIVER AT MARENGO, IL",United States of America,42.26527778,-88.6080556,441.387513279652
hysets_05451210,"South Fork Iowa River NE of New Providence, IA",United States of America,42.3150833,-93.1520556,579.623435360706
hysets_05451700,"Timber Creek near Marshalltown, IA",United States of America,42.0088776,-92.852421,307.65063589659854
hysets_05455100,"Old Mans Creek near Iowa City, IA",United States of America,41.60640518,-91.61572419,521.4568267252246
hysets_05482300,"North Raccoon River near Sac City, IA",United States of America,42.35475,-94.9903333,1837.080678542188
hysets_05524000,"CARPENTER CREEK AT EGYPT, IND.",United States of America,40.86614947,-87.2055779,117.25349797836095
hysets_05527950,"MILL CREEK AT OLD MILL CREEK, IL",United States of America,42.41527778,-87.9691667,155.43064440230538
hysets_05529000,"DES PLAINES RIVER NEAR DES PLAINES, IL",United States of America,42.08166667,-87.8905556,940.9838737393858
hysets_05579500,"LAKE FORK NEAR CORNLAND, IL",United States of America,39.95166667,-89.3855556,552.0151549550258
hysets_05593945,"SHOAL CREEK NEAR PIERRON, IL",United States of America,38.77588058,-89.4989718,1756.4890715914978
hysets_05AA011,MILL CREEK NEAR THE MOUTH,Canada,49.46951,-114.1342,178.39928145937424
hysets_05AA027,RACEHORSE CREEK NEAR THE MOUTH,Canada,49.83779,-114.4206,216.91986319617268
hysets_05AE005,ROLPH CREEK NEAR KIMBALL,Canada,49.12501,-113.1426,221.69294441728115
hysets_05AH041,PEIGAN CREEK NEAR PAKOWKI ROAD,Canada,49.5805,-110.9437,437.1998032962926
hysets_05BH003,NOSE CREEK AT CALGARY,Canada,51.12222,-114.0458,882.2235143987721
hysets_05BK003,FISH CREEK AT BOW BOTTOM TRAIL,Canada,50.90694,-114.0156,446.0208140141103
hysets_05BL027,TRAP CREEK NEAR LONGVIEW,Canada,50.47732,-114.4263,136.8819829588477
hysets_05CE020,MICHICHI CREEK AT DRUMHELLER,Canada,51.47153,-112.717,1164.4140234574202
hysets_05DF009,WHITEMUD CREEK AT EDMONTON,Canada,53.48302,-113.5546,1088.4405376922305
hysets_05EC006,WHITE EARTH CREEK NEAR SMOKY LAKE,Canada,54.11556,-112.3,969.6385641991652
hysets_05FA025,CAMROSE CREEK NEAR CAMROSE,Canada,53.04147,-112.8299,458.5449680134999
hysets_05FD005,RIBSTONE CREEK NEAR CZAR,Canada,52.48806,-110.7375,1449.2945278039192
hysets_05FF003,CUT KNIFE CREEK NEAR CUT KNIFE,Canada,52.755,-108.7811,403.32337842316673
hysets_05JA003,MCDONALD CREEK NEAR MCCORD,Canada,49.43778,-106.8358,256.1145040067815
hysets_05JK008,ECHO CREEK AT FORT QU'APPELLE,Canada,50.76056,-103.7972,639.7270767840754
hysets_05LL014,PINE CREEK NEAR MELBOURNE,Canada,49.90092,-99.21439,224.53685583421293
hysets_05MA020,QUILL CREEK NEAR QUILL LAKE,Canada,52.01367,-104.2504,272.4907304582065
hysets_05MC003,LILIAN RIVER NEAR LADY LAKE,Canada,52.02278,-102.625,224.5779293387558
hysets_05MD010,STONY CREEK NEAR KAMSACK,Canada,51.38897,-101.839,443.4646002618873
hysets_05ME010,SILVER CREEK NEAR BINSCARTH,Canada,50.62294,-101.2564,455.20124950647846
hysets_05MG001,ARROW RIVER NEAR ARROW RIVER,Canada,50.09267,-100.956,603.4000067312484
hysets_05NF010,ANTLER RIVER NEAR WAUCHOPE,Canada,49.58392,-101.8482,346.3762521100746
hysets_05NG020,MEDORA CREEK NEAR NAPINKA,Canada,49.32583,-100.7037,994.7837056468164
hysets_05OF018,TOBACCO CREEK NEAR ROSEBANK,Canada,49.43319,-98.15992,129.30172909620023
hysets_05OJ016,DEVILS CREEK NEAR LIBAU,Canada,50.19505,-96.71383,239.2746823199649
hysets_05PC011,PINEWOOD RIVER NEAR PINEWOOD,Canada,48.75278,-94.23333,466.5036291517601
hysets_05PC016,LA VALLEE RIVER NEAR DEVLIN,Canada,48.59028,-93.67278,265.84490375124585
hysets_05QE008,CEDAR RIVER BELOW WABASKANG LAKE,Canada,50.50756,-93.25858,1630.8834572431435
hysets_06024590,Wise River near Wise River MT,United States of America,45.70455556,-113.031611,569.2557478236706
hysets_06033000,Boulder River near Boulder MT,United States of America,46.21103056,-112.09165,988.4920307737176
hysets_06035000,Willow Creek near Harrison MT,United States of America,45.7230583,-111.741025,223.50906351777775
hysets_06071300,Little Prickly Pear Cr at Wolf Cr MT,United States of America,47.0054361,-112.070311,1008.1936605774864
hysets_06115270,Armells Creek nr Landusky MT,United States of America,47.6105583,-108.6956389,1053.601769128111
hysets_06131200,Nelson Creek near Van Norman MT,United States of America,47.5365944,-106.1534528,289.8439597709862
hysets_06188000,Lamar River nr Tower Ranger Station YNP,United States of America,44.92817778,-110.3942694,1726.1213932888118
hysets_06191000,Gardner River near Mammoth YNP,United States of America,44.9923444,-110.690975,512.0356485589447
hysets_06198000,East Boulder River nr Mcleod,United States of America,45.61460278,-110.1258389,219.35323461848128
hysets_06202510,Stillwater River ab Nye Cr nr Nye MT,United States of America,45.3943083,-109.8695167,497.1253574921181
hysets_06214000,Rock Creek at Rockvale MT,United States of America,45.51787778,-108.8620917,1455.3134814035852
hysets_06265337,COTTONWOOD C AT HIGH ISLAND RNCH NR HAMILTON DOME,United States of America,43.76263889,-108.6778889,210.40551281096896
hysets_06326600,O'Fallon Creek near Ismay MT,United States of America,46.4205694,-104.7610222,1719.8098584208722
hysets_06402995,"FRENCH CREEK ABOVE STOCKADE LAKE NEAR CUSTER, SD",United States of America,43.76943006,-103.5365825,177.93118756768797
hysets_06425750,COAL CREEK NR PINEY WY,United States of America,43.9727543,-105.3319332,182.47783419889575
hysets_06425780,BELLE FOURCHE R AB DRY C NR PINEY WY,United States of America,44.02497745,-105.3269334,1532.2481980598277
hysets_06436198,"WHITEWOOD CR ABOVE VALE,SD",United States of America,44.617485,-103.4807452,262.6546672508383
hysets_06445980,WHITE CLAY CR NEAR OGLALA SD,United States of America,43.14651127,-102.6833116,971.3395921347468
hysets_06459175,"SNAKE R AT DOUGHBOY, NE",United States of America,42.61375,-101.2778333,1069.059131660826
hysets_06463500,"Long Pine Creek near Riverview, Nebr.",United States of America,42.68944444,-99.6788889,1232.2475098907307
hysets_06478690,"WEST FORK VERMILLION R NEAR PARKER,SD",United States of America,43.41562216,-97.2051972,947.2402825001913
hysets_06602020,"West Fork Ditch at Hornick, IA",United States of America,42.22693509,-96.0780716,1042.1489686962498
hysets_06701700,WEST CR. ABV SHREWSBURY GULCH NR WESTCREEK CO,United States of America,39.14304667,-105.161379,145.56565515171252
hysets_06718550,"NORTH CLEAR CREEK ABOVE MOUTH NR BLACK HAWK, CO",United States of America,39.74887674,-105.3997159,155.23795395357516
hysets_06755950,"CROW CREEK AT F.E. WARREN AIR FORCE BASE, WY",United States of America,41.1338705,-104.840802,658.7806377039318
hysets_06787000,"CALAMUS RIVER NR HARROP, NE",United States of America,41.947,-99.3860278,1836.7493136755904
hysets_06799100,"North Fork Elkhorn River near Pierce, Nebr.",United States of America,42.1485,-97.4785278,1833.3474989877027
hysets_06803530,"Rock Creek near Ceresco, Nebr.",United States of America,41.0158333,-96.5441667,309.1794034005393
hysets_06815575,"Squaw Creek near Mound City, MO",United States of America,40.1560833,-95.2652222,162.02047674013556
hysets_06858500,"NF SMOKY HILL R NR MCALLASTER, KS",United States of America,39.01787498,-101.3479109,1801.1541014591594
hysets_06881200,"TURKEY CREEK NEAR WILBER, NEBR.",United States of America,40.48000398,-97.0122523,1166.6889274242794
hysets_06888500,"MILL C NR PAXICO, KS",United States of America,39.06472106,-96.1691605,841.331823393844
hysets_06900000,"Medicine Creek near Galt, MO",United States of America,40.12974444,-93.3625417,600.5502805562932
hysets_06901500,"Locust Creek near Linneus, MO",United States of America,39.89594444,-93.2365278,1435.100903310637
hysets_06910800,"MARAIS DES CYGNES R NR READING, KS",United States of America,38.56695524,-95.961657,443.81394241235904
hysets_06914100,"POTTAWATOMIE C NR SCIPIO, KS",United States of America,38.34888889,-95.2033333,891.1670605725972
hysets_06917680,"Dry Wood Creek near Deerfield, MO",United States of America,37.79791667,-94.5152222,927.2983292865782
hysets_06918740,"Little Sac River near Morrisville, MO",United States of America,37.4828611,-93.4856389,609.1915605153013
hysets_06921590,"South Grand River at Archie, MO",United States of America,38.49158056,-94.3442444,915.9169365735004
hysets_06930000,"Big Piney River near Big Piney, MO",United States of America,37.66563889,-92.0499167,1427.6737950426725
hysets_07010350,"Meramec River at Cook Station, MO",United States of America,37.8291472,-91.4374833,515.1727774851314
hysets_07020550,"South Fork Saline Creek near Perryville, MO",United States of America,37.73694444,-89.9283333,143.05775340800642
hysets_07052160,"Wilson Creek near Battlefield, MO",United States of America,37.11775,-93.4038611,150.95260655025098
hysets_07052345,"Finley Creek below Riverdale, MO",United States of America,36.97488889,-93.3278889,669.4697526832688
hysets_07053810,"Bull Creek near Walnut Shade, MO",United States of America,36.71775,-93.2068056,507.2126972695228
hysets_07055607,"Crooked Creek at Kelly Crossing at Yellville, AR",United States of America,36.23027778,-92.7094444,1042.1138801008676
hysets_07064533,"Current River above Akers, MO",United States of America,37.37569444,-91.5528056,763.0936864323415
hysets_07086500,"CLEAR CREEK ABOVE CLEAR CREEK RESERVOIR, CO.",United States of America,39.0180493,-106.2778,173.84057497577322
hysets_07093775,"BADGER CREEK, LOWER STATION, NEAR HOWARD, CO.",United States of America,38.46721949,-105.8600083,545.200423827009
hysets_07096250,"FOURMILE CREEK BELOW CRIPPLE CREEK NEAR VICTOR, CO",United States of America,38.66388094,-105.228041,701.7029025846676
hysets_07099230,"TURKEY CREEK AB TELLER RES NEAR STONE CITY, CO.",United States of America,38.46499989,-104.8272009,162.02784709442273
hysets_07126325,"TAYLOR ARROYO BL ROCK CROSSING, NR THATCHER, CO.",United States of America,37.42418269,-103.9202382,125.77753457925868
hysets_07144660,"SILVER C NR ARLINGTON, KS",United States of America,37.84279255,-98.196453,496.0269476848703
hysets_07145200,"SF NINNESCAH R NR MURDOCK, KS",United States of America,37.561683,-97.8531094,1554.2163250817468
hysets_07191220,"Spavinaw Creek near Sycamore, OK",United States of America,36.3347222,-94.6413889,338.6060163304514
hysets_07203000,"VERMEJO RIVER NEAR DAWSON, NM",United States of America,36.68102778,-104.7863944,892.486517114625
hysets_07260673,"West Fork Point Remove Creek near Hattieville, AR",United States of America,35.3247222,-92.8730556,573.630480954617
hysets_07261500,"Fourche LaFave River Near Gravelly, AR",United States of America,34.8725,-93.6572222,1062.3337491309526
hysets_07274252,"OTOUCALOFA CREEK CANAL NR WATER VALLEY, MS",United States of America,34.14416667,-89.6525,252.80087429048712
hysets_07325850,"Lake Creek near Eakly, OK",United States of America,35.29088918,-98.5292287,135.76555927841642
hysets_07330700,"Caddo Creek Site 7cmp near Gene Autry, OK",United States of America,34.24037109,-97.0516798,841.8023325458129
hysets_07332390,"Blue River near Connerville, OK",United States of America,34.383426,-96.6005579,420.501688776008
hysets_07340300,"Cossatot River near Vandervoort, AR",United States of America,34.38,-94.2363889,230.65294688256972
hysets_07351000,"BOGGY BYU NR KEITHVILLE, LA",United States of America,32.3765448,-93.8224031,216.90184140078205
hysets_07351571,"BYU PIERRE BELOW CASPIANA, LA",United States of America,32.19210349,-93.5546211,955.480436818688
hysets_07362693,"Middle Fork Saline River near Owensville, AR",United States of America,34.63064678,-92.8273923,240.27450071511288
hysets_07363400,"Hurricane Creek below Sheridan, AR",United States of America,34.2286111,-92.3725,676.2591169111753
hysets_07375500,"Tangipahoa River at Robert, LA",United States of America,30.50658047,-90.3617524,1675.2789618103218
hysets_07AA001,MIETTE RIVER NEAR JASPER,Canada,52.86412,-118.1072,625.9803004458622
hysets_07AF906,GREGG RIVER NEAR HINTON,Canada,53.25222,-117.3583,388.4415061092451
hysets_07AG008,GROAT CREEK NEAR WHITECOURT,Canada,54.03253,-115.8423,131.906234073097
hysets_07BF001,EAST PRAIRIE RIVER NEAR ENILDA,Canada,55.4177,-116.3402,1459.9615946270087
hysets_07BF010,SOUTH HEART RIVER NEAR PEAVINE,Canada,55.81917,-116.3897,1705.081262938902
hysets_07CA006,WANDERING RIVER NEAR WANDERING RIVER,Canada,55.1993,-112.4666,1115.3064473998377
hysets_07CD004,HANGINGSTONE RIVER AT FORT MCMURRAY,Canada,56.70893,-111.3563,957.3176570446834
hysets_07EA007,AKIE RIVER NEAR THE 760 M CONTOUR,Canada,57.19111,-124.9011,1680.0992972921224
hysets_07EE009,CHUCHINKA CREEK NEAR THE MOUTH,Canada,54.52972,-122.6122,308.9198770764098
hysets_07FB009,FLATBED CREEK AT KILOMETRE 110 HERITAGE HIGHWAY,Canada,55.09017,-120.9418,483.51515742951176
hysets_07GB001,CUTBANK RIVER NEAR GRANDE PRAIRIE,Canada,54.51569,-118.9631,838.4893622201561
hysets_07GD004,REDWILLOW RIVER NEAR RIO GRANDE,Canada,55.07882,-119.7016,1246.7972539541108
hysets_07SC005,BARNSTON RIVER NEAR THE MOUTH,Canada,62.94031,-110.1765,1629.5869787765728
hysets_08016400,"BECKWITH CK NR DE QUINCY, LA",United States of America,30.471033,-93.3598842,388.97136986609496
hysets_08023080,"Bayou Grand Cane near Stanley, LA",United States of America,31.9627225,-93.9411609,187.49241926114172
hysets_08025500,"Bayou Toro near Toro, LA",United States of America,31.30712737,-93.5157295,383.35463071120734
hysets_08044140,"Salt Ck nr Paradise, TX",United States of America,33.09845327,-97.6500279,136.99557769413153
hysets_08066100,"White Rk Ck nr Trinity, TX",United States of America,31.05185075,-95.3779964,573.3219593672296
hysets_08067500,"Cedar Bayou nr Crosby, TX",United States of America,29.97271914,-94.9857602,176.6951487683212
hysets_08068500,"Spring Ck nr Spring, TX",United States of America,30.11049517,-95.4363275,1047.2912530399858
hysets_08068740,"Cypress Ck at House-Hahl Rd nr Cypress, TX",United States of America,29.959112,-95.7177249,332.364261477457
hysets_08073700,"Buffalo Bayou at Piney Point, TX",United States of America,29.7468959,-95.5235538,774.8285379253273
hysets_08074500,"Whiteoak Bayou at Houston, TX",United States of America,29.77522777,-95.3971612,246.71072710670293
hysets_08083245,"Mulberry Ck nr Hawley, TX",United States of America,32.5678991,-99.7925909,530.1425204005059
hysets_08086050,"Deep Ck at Moran, TX",United States of America,32.55929085,-99.170074,586.4952989971655
hysets_08086212,"Hubbard Ck bl Albany, TX",United States of America,32.73289717,-99.1406299,1585.5927781650664
hysets_08104310,"Salado Ck bl Salado Spgs at Salado, TX",United States of America,30.9521278,-97.5241757,357.4456442045532
hysets_08111700,"Mill Ck nr Bellville, TX",United States of America,29.88106145,-96.2052402,976.7526496428496
hysets_08152900,"Pedernales Rv nr Fredericksburg, TX",United States of America,30.22048147,-98.8697609,957.6968392197584
hysets_08155260,"Barton Ck nr Camp Craft Rd nr Austin, TX",United States of America,30.2702072,-97.8288959,283.93458447884933
hysets_08158600,"Walnut Ck at Webberville Rd, Austin, TX",United States of America,30.2832642,-97.655003,134.57689030407522
hysets_08164390,"Navidad Rv at Strane Pk nr Edna, TX",United States of America,29.06553568,-96.6741434,1468.9173145141797
hysets_08195000,"Frio Rv at Concan, TX",United States of America,29.48856496,-99.7047756,1010.2444331680628
hysets_08200000,"Hondo Ck nr Tarpley, TX",United States of America,29.57003056,-99.2476889,249.08095740251773
hysets_08204005,"Leona Rv nr Uvalde, TX",United States of America,29.1544077,-99.7433888,339.41486576300184
hysets_08291000,"SANTA CRUZ RIVER NEAR CUNDIYO, NM",United States of America,35.9647222,-105.9047222,238.32701345120893
hysets_08330600,"TIJERAS ARROYO NR ALBUQUERQUE, NM",United States of America,35.00194444,-106.6575,335.2500110870431
hysets_08334000,"RIO PUERCO ABV ARROYO CHICO NR GUADALUPE, NM",United States of America,35.60088889,-107.1666111,1096.204287534017
hysets_08401900,"ROCKY ARROYO AT HWY BRD NR CARLSBAD, NM",United States of America,32.50608056,-104.3749889,754.9611189153657
hysets_08405500,"BLACK RIVER ABOVE MALAGA, NM",United States of America,32.22908889,-104.1518528,962.0968081333748
hysets_08447020,"Independence Ck nr Sheffield, TX",United States of America,30.4521221,-101.7331788,1997.134048237496
hysets_08EG011,ZYMAGOTITZ RIVER NEAR TERRACE,Canada,54.51861,-128.7278,377.5346966061773
hysets_08FB004,SALLOOMT RIVER NEAR HAGENSBORG,Canada,52.42456,-126.5211,157.88598345787685
hysets_08GD005,HOMATHKO RIVER BELOW NUDE CREEK,Canada,51.37444,-124.7619,1919.0162107099936
hysets_08GF007,WAKEMAN RIVER BELOW ATWAYKELLESSE RIVER,Canada,51.10278,-126.475,695.5828964636527
hysets_08KA001,DORE RIVER NEAR MCBRIDE,Canada,53.30925,-120.249,407.1196805759018
hysets_08KA011,MCLENNAN RIVER NEAR THE MOUTH,Canada,52.96111,-119.4581,527.9706891497635
hysets_08KH010,HORSEFLY RIVER ABOVE MCKINLEY CREEK,Canada,52.29139,-121.0669,786.7479386853784
hysets_08LA018,HOBSON CREEK BELOW BOIS GRENIER CREEK,Canada,52.675,-120.1028,162.8358411632321
hysets_08LB076,HARPER CREEK NEAR THE MOUTH,Canada,51.35438,-119.8816,164.5035394116693
hysets_08LE094,BOLEAN CREEK NEAR THE MOUTH,Canada,50.50917,-119.5694,225.2043480890449
hysets_08LG048,COLDWATER RIVER NEAR BROOKMERE,Canada,49.85422,-120.9085,315.3861529536579
hysets_08ME023,BRIDGE RIVER (SOUTH BRANCH) BELOW BRIDGE GLACIER,Canada,50.85622,-123.4533,143.8553492300644
hysets_08NB012,BLAEBERRY RIVER ABOVE WILLOWBANK CREEK,Canada,51.4825,-116.9694,585.2685265892849
hysets_08NF001,KOOTENAY RIVER AT KOOTENAY CROSSING,Canada,50.88703,-116.0461,414.7596660098132
hysets_08NL041,WOLFE CREEK AT OUTLET OF ISSITZ LAKE,Canada,49.42778,-120.3467,224.88113691935547
hysets_08NN019,TRAPPING CREEK NEAR THE MOUTH,Canada,49.56537,-119.052,144.46093508859542
hysets_09039000,"TROUBLESOME CREEK NEAR PEARMONT, CO.",United States of America,40.2174844,-106.3130854,115.44163846060898
hysets_09135900,"LEROUX CREEK AT HOTCHKISS, CO.",United States of America,38.7980401,-107.7320033,172.4447153063384
hysets_09151500,"ESCALANTE CREEK NEAR DELTA, CO.",United States of America,38.756651,-108.2600775,542.5568360865036
hysets_09166500,"DOLORES RIVER AT DOLORES, CO.",United States of America,37.47249296,-108.4975908,1306.2097744124685
hysets_09172500,"SAN MIGUEL RIVER NEAR PLACERVILLE, CO",United States of America,38.0425,-108.1333333,801.4407077270347
hysets_09196500,"PINE CREEK ABOVE FREMONT LAKE, WY",United States of America,43.02705556,-109.7735278,195.9441559744284
hysets_09240900,"ELK RIVER ABOVE CLARK, CO",United States of America,40.743306,-106.8553254,319.7435414539139
hysets_09253000,"LITTLE SNAKE RIVER NEAR SLATER, CO",United States of America,40.99941048,-107.143388,648.2048492635661
hysets_09306222,"PICEANCE CREEK AT WHITE RIVER, CO",United States of America,40.0780264,-108.2364753,1686.5286091156847
hysets_09306255,"YELLOW CREEK NEAR WHITE RIVER, CO.",United States of America,40.1685813,-108.4012046,677.9061086522719
hysets_09307200,"PARIETTE DRAW NEAR OURAY, UTAH",United States of America,40.08274069,-109.8734784,403.06864377346994
hysets_09314280,"DESERT SEEP WASH NEAR WELLINGTON, UTAH",United States of America,39.4210793,-110.6462682,519.5130345059273
hysets_09342500,"SAN JUAN RIVER AT PAGOSA SPRINGS, CO",United States of America,37.26552778,-107.011,726.2774146207375
hysets_09349800,"PIEDRA RIVER NEAR ARBOLES, CO.",United States of America,37.08833797,-107.397826,1691.0988502933988
hysets_09403000,"BRIGHT ANGEL CREEK NEAR GRAND CANYON, ARIZ.",United States of America,36.10303836,-112.0962798,260.60923407371416
hysets_09404208,"DIAMOND CREEK NEAR PEACH SPRINGS, AZ",United States of America,35.76498839,-113.3682663,778.9146523392833
hysets_09405500,"NORTH FORK VIRGIN RIVER NEAR SPRINGDALE, UT",United States of America,37.2097046,-112.9785512,896.1151806037873
hysets_09415550,"WHITE RV NR LUND, NV",United States of America,38.6380009,-115.0930714,1818.0489879725965
hysets_09470500,"SAN PEDRO RIVER AT PALOMINAS, AZ.",United States of America,31.38010095,-110.1111882,1801.2283547879074
hysets_09513860,"SKUNK CREEK NEAR PHOENIX, AZ",United States of America,33.72920456,-112.1198755,169.91622176146228
hysets_09AA007,LUBBOCK RIVER NEAR ATLIN,Canada,60.08111,-133.8583,1665.8761148014676
hysets_09AE006,MORELY RIVER AT KM 1251 ALASKA HIGHWAY,Canada,60.00694,-132.1444,1571.0645064428827
hysets_10063,10063,Mexico,27.0542162583077,-107.457529809064,1999.785176109184
hysets_10164500,"AMERICAN FK AB UPPER POWERPLANT NR AMERICAN FK, UT",United States of America,40.4477297,-111.6821472,131.91176679550978
hysets_10168499,"BIG COTTONWOOD CREEK NR SALT LAKE CITY, UT",United States of America,40.6185592,-111.782154,129.16654707657875
hysets_10168800,"BIG COTTONWOOD CREEK @ 5550 SOUTH NR SLC, UT",United States of America,40.6560586,-111.8241,152.03725232088738
hysets_10174500,"SEVIER RIVER AT HATCH, UT",United States of America,37.65109086,-112.4302069,872.5024113181448
hysets_10245800,"NEWARK VALLEY TRIB NR HAMILTON, NV",United States of America,39.4165977,-115.6319872,377.77901267522446
hysets_10259100,WHITEWATER R A RANCHO MIRAGE CA,United States of America,33.749466,-116.4227903,1465.598151534685
hysets_10264000,LITTLE ROCK C AB LTTLE ROCK RES NR LITTLEROCK CA,United States of America,34.46388375,-118.0189578,127.14203459578124
hysets_10328450,"N FK L HUMBOLDT RV NR PARADISE VALLEY, NV",United States of America,41.4918972,-117.1275778,561.8141021350054
hysets_10358500,WILLOW C NR SUSANVILLE CA,United States of America,40.4890637,-120.5371707,241.41727494619548
hysets_10378500,"HONEY CREEK NEAR PLUSH,OREG.",United States of America,42.42488264,-119.9232849,434.20420066903233
hysets_10ND004,HANS CREEK ABOVE ESKIMO LAKES,Canada,68.86744,-133.592,326.2016373686688
hysets_11046530,SAN JUAN C AT LA NOVIA ST BR AT SAN JUAN CAPIS CA,United States of America,33.5025264,-117.6481058,283.5847998029872
hysets_11046550,SAN JUAN C AT SAN JUAN CAPISTRANO CA,United States of America,33.49169349,-117.6631063,300.4985735927693
hysets_11057500,SAN TIMOTEO C NR LOMA LINDA CA,United States of America,34.0614024,-117.2675419,329.0681944949111
hysets_11070375,SAN JACINTO R A RR CYN WEIR NR ELSINORE CA,United States of America,33.73613136,-117.2530929,1469.2671240120494
hysets_11102300,RIO HONDO BL WHITTIER NARROWS DAM CA,United States of America,34.0166788,-118.0884018,326.72910622550427
hysets_11143000,BIG SUR R NR BIG SUR CA,United States of America,36.24579648,-121.7732872,120.98264482714016
hysets_11147500,SALINAS R A PASO ROBLES CA,United States of America,35.6285813,-120.6843373,1007.4731401080712
hysets_11148900,NACIMIENTO R BL SAPAQUE C NR BRYSON CA,United States of America,35.78857918,-121.0938048,402.8151777095453
hysets_11162500,PESCADERO C NR PESCADERO CA,United States of America,37.26077707,-122.3288602,118.70252995480809
hysets_11176180,ARROYO LAS POSITAS A ELCH RD NR PLEASANTON CA,United States of America,37.6968743,-121.8494003,217.3492834469441
hysets_11214900,NF KINGS R BL WISHON RES CA,United States of America,37.00133394,-118.9731668,459.8699280602877
hysets_11217000,DINKEY C A DINKEY MDW NR SHAVER LK CA,United States of America,37.04716886,-119.1487295,129.93684480792828
hysets_11282000,M TUOLUMNE R A OAKLAND RECREATION CAMP CA,United States of America,37.82825915,-120.0115727,187.02883160779749
hysets_11292615,MF STANISLAUS R LOW FLOW REL BL DONNELL LAKE,United States of America,38.33046907,-119.9610166,588.5837769606643
hysets_11295300,NF STANISLAUS R BL BEAVER C NR HATHAWAY PINES CA,United States of America,38.2071409,-120.3171396,519.4696167321864
hysets_11314500,NF MOKELUMNE R BL SALT SPRINGS DAM CA,United States of America,38.4935232,-120.2210266,440.7855067113497
hysets_11342000,SACRAMENTO R A DELTA CA,United States of America,40.93959397,-122.4172351,1097.7384044314024
hysets_11375870,SF COTTONWOOD C NR OLINDA CA,United States of America,40.3259858,-122.4455632,960.9252400718988
hysets_11381500,MILL C NR LOS MOLINOS CA,United States of America,40.0546022,-122.0241541,339.5705564829825
hysets_11402000,SPANISH C AB BLACKHAWK C AT KEDDIE CA,United States of America,40.002947,-120.9543994,472.7142242154388
hysets_11405200,WB FEATHER R BL HENDRICKS DIV DAM CA,United States of America,39.9340493,-121.5296945,118.32271185765929
hysets_11408550,M YUBA R BL MILTON DAM CA,United States of America,39.5218451,-120.583547,103.02795555688444
hysets_11430000,SF RUBICON R BL GERLE C NR GEORGETOWN CA,United States of America,38.95462796,-120.4015856,126.258484662038
hysets_11439501,SF AMERICAN R NR KYBURZ TOTAL FLOW CA,United States of America,38.76351814,-120.3285276,498.8024162558392
hysets_11444200,ROCK C OVERFLOW WEIR A DIV NR PLACERVILLE CA,United States of America,38.79434654,-120.7754889,188.47269614459688
hysets_11463500,RUSSIAN R A GEYSERVILLE CA,United States of America,38.71268685,-122.8958295,1698.0573713886754
hysets_11463900,MAACAMA C NR KELLOGG CA,United States of America,38.6410198,-122.7638792,114.4841630582267
hysets_11467200,AUSTIN C NR CAZADERO CA,United States of America,38.5065797,-123.0697239,162.3717941243678
hysets_11467600,GARCIA R NR POINT ARENA CA,United States of America,38.92629636,-123.6302925,253.76977676236396
hysets_11481500,REDWOOD C NR BLUE LAKE CA,United States of America,40.90596479,-123.815335,174.97126623443177
hysets_11482500,REDWOOD C A ORICK CA,United States of America,41.2992896,-124.0511825,716.6782562240389
hysets_11532500,SMITH R NR CRESCENT CITY CA,United States of America,41.7915026,-124.0761887,1586.53971725635
hysets_12025700,"SKOOKUMCHUCK RIVER NEAR VAIL, WA",United States of America,46.77260276,-122.5940086,102.7357818571576
hysets_12039005,"HUMPTULIPS RIVER BELOW HWY 101 NR HUMPTULIPS, WA",United States of America,47.23147599,-123.974063,342.3816632664466
hysets_12049000,"DUNGENESS RIVER AT DUNGENESS, WA",United States of America,48.14425967,-123.129067,510.2734339751788
hysets_12097850,"WHITE RIVER BELOW CLEARWATER RIVER NR BUCKLEY, WA",United States of America,47.1467703,-121.8601066,967.3664537490432
hysets_12100490,"WHITE RIVER AT R STREET NEAR AUBURN, WA",United States of America,47.27482295,-122.2078967,1223.384071091809
hysets_12113350,"GREEN RIVER AT TUKWILA, WA",United States of America,47.46509966,-122.2484554,1218.3626010622515
hysets_12168500,"PILCHUCK CREEK NEAR BRYANT, WA",United States of America,48.265935,-122.1640353,135.44004317276136
hysets_12179900,"BACON CREEK BELOW OAKES CREEK NEAR MARBLEMOUNT, WA",United States of America,48.6045662,-121.3995727,127.91264992820489
hysets_12193500,"BAKER RIVER AT CONCRETE, WA",United States of America,48.53983699,-121.7431956,769.2080240918721
hysets_12201500,"SAMISH RIVER NEAR BURLINGTON, WA",United States of America,48.54594127,-122.3382169,223.15356712537545
hysets_12365700,"Stillwater River at Lawrence Park, at Kalispell",United States of America,48.21725,-114.313736,1515.768174105002
hysets_12371,12371,Mexico,20.8729180210839,-102.536194207784,410.97265725430367
hysets_12400900,"MYERS CREEK NEAR CHESAW, WA",United States of America,48.99851436,-119.0200417,224.70514725992223
hysets_12413445,PINE CREEK BELOW AMY GULCH NEAR PINEHURST ID,United States of America,47.5081222,-116.2418,189.11053639546708
hysets_12456500,"CHIWAWA RIVER NEAR PLAIN, WA",United States of America,47.8373461,-120.6623161,444.2104376966674
hysets_12510655,"DRY CR NR RATTLESNAKE SP NR PRIEST RAPIDS DAM, WA",United States of America,46.5076338,-119.6992002,289.8202439266798
hysets_13018000,"FLAT CREEK NEAR JACKSON, WY",United States of America,43.5566004,-110.621591,103.93405799648356
hysets_13076200,BANNOCK CREEK NR POCATELLO ID,United States of America,42.88602435,-112.6424866,1113.3026093323258
hysets_13169500,BIG JACKS CREEK NR BRUNEAU ID,United States of America,42.785,-115.9833333,630.3309391144448
hysets_13226500,"BULLY CREEK AT WARMSPRINGS NEAR VALE,OREG.",United States of America,44.0193264,-117.460742,1391.3968424568156
hysets_13255050,WF WEISER RIVER 1.0 MI ABV MOUTH NR FRUITVALE ID,United States of America,44.81888889,-116.4605556,216.4084879870317
hysets_13331500,"MINAM RIVER AT MINAM, OR",United States of America,45.6198669,-117.7265892,617.1644836011222
hysets_14013700,"MILL CREEK AT FIVE MILE RD BR NR WALLA WALLA, WA",United States of America,46.0856932,-118.2282912,239.86744304195983
hysets_14020000,"UMATILLA RIVER ABOVE MEACHAM CREEK, NR GIBBON, OR",United States of America,45.71957668,-118.3232913,341.4964222739736
hysets_14101500,"WHITE RIVER BELOW TYGH VALLEY,OREG.",United States of America,45.24150927,-121.0950626,1077.8131933794232
hysets_14185700,"MIDDLE SANTIAM RIVER NEAR UPPER SODA, OR.",United States of America,44.5123463,-122.2656332,194.0605829864003
hysets_14200300,"SILVER CREEK AT SILVERTON, OR",United States of America,45.0092878,-122.7887014,123.06869205971184
hysets_14219000,"CANYON CREEK NEAR AMBOY, WA",United States of America,45.939833900000004,-122.3170398,167.12364523956177
hysets_14231000,"COWLITZ RIVER AT RANDLE, WA",United States of America,46.5319444,-121.9569444,1374.5032659387427
hysets_14240800,"GREEN RIVER ABOVE BEAVER CREEK NEAR KID VALLEY, WA",United States of America,46.3817746,-122.5237204,318.6182664585883
hysets_14302480,"TRASK RIVER ABOVE CEDAR CREEK, NEAR TILLAMOOK, OR",United States of America,45.4462181,-123.7103974,372.9728486751478
hysets_14306500,"ALSEA RIVER NEAR TIDEWATER, OR",United States of America,44.3859538,-123.831778,855.5160885352954
hysets_14328000,"ROGUE RIVER ABOVE PROSPECT, OR",United States of America,42.77484917,-122.4997585,811.2614571922611
hysets_14361590,"MIDDLE FORK APPLEGATE RIVER NEAR COPPER, OR.",United States of America,42.00623585,-123.1575489,130.48948463972786
hysets_14377100,"ILLINOIS RIVER NEAR KERBY, OR",United States of America,42.23177936,-123.66368,983.9514809998984
hysets_18350,18350,Mexico,17.8166173511728,-100.660364993505,1063.3490507895513
hysets_26243,26243,Mexico,21.3975618188,-98.9880832276,642.0863475593525
lamah_105,Donau at Kirchen-Hausen,Germany,47.92551701258356,8.67957082388119,756.7733748658493
lamah_1120,Schmeie at Unterschmeien,Germany,48.091690616287146,9.149753252895104,144.90048334417787
lamah_11548007,Roth at Roth_Roth,Germany,48.3695960676828,10.151249010025191,169.35322564780685
lamah_11584000,Guenz at Waldstetten,Germany,48.35239063299935,10.302152792379554,593.6499292600943
lamah_1159,Ablach at Mengen (Add.),Germany,48.0381274199837,9.30145611190439,423.8588179661352
lamah_11723504,Brenz at Baechingen,Germany,48.54735554616512,10.318801657946407,795.5665799277128
lamah_14002305,Naab at Unterkoeblitz,Germany,49.535610197497526,12.153955782221775,1989.2042093444727
lamah_151,Huerbe at Burgberg-Oberer Steg,Germany,48.582963071240215,10.22707371055686,320.9663549592973
lamah_15202300,Regen at Chamerau,Germany,49.1814615191252,12.746394286042086,1343.8805947846486
lamah_16001303,Isar at Rissbachdueker,Germany,47.553412367826326,11.418070736412828,539.5242293041874
lamah_162,Lauchert at Gammertingen,Germany,48.24410058314052,9.224150849623811,153.9450973715323
lamah_16475,Eschach at Nibelhoefe,Germany,47.85959436313762,10.028702856350398,130.04573840861707
lamah_16605006,Amper at Fuerstenfeldbruck,Germany,48.17704624910717,11.261385531098574,1254.2009199534882
lamah_16613004,Ammer at Weilheim,Germany,47.84713194791176,11.13498687008186,609.5542526652287
lamah_16825002,Strogen at Appolding,Germany,48.41298539134624,11.98242167316435,133.3180454145631
lamah_18346000,Attel at Anger,Germany,48.023865383431634,12.14788162314545,245.15989222431804
lamah_18403002,Alz at Seebruck,Germany,47.93441175701179,12.480202899240831,1407.5658367171088
lamah_200253,Bregenzerach at Au,Austria,47.32763278587458,9.973389201595593,146.98837344991836
lamah_201251,Rosanna at St. Anton am Arlberg-Moos,Austria,47.12176865632336,10.255949638036707,130.1329154266968
lamah_201574,Sill at Puig,Austria,47.113053362327925,11.452446047431486,341.47331737963333
lamah_203455,Fischach at Lengfelden,Austria,47.84467463516256,13.042921365171075,159.72070493130954
lamah_204867,Pram at Pramerdorf,Austria,48.43130226635424,13.462510572924955,340.96146936113576
lamah_205054,Aschach at Kropfmuehle,Austria,48.37146659490542,13.895174421558629,311.8264130279525
lamah_205450,Ager at Fischerau,Austria,48.08587646127499,13.837912156750022,1256.305070170926
lamah_205500,Alm at Friedlmuehle,Austria,47.94696923099645,13.985942643904636,312.9718713312276
lamah_206078,Schwemmbach at Furth (Bundesstrasse),Austria,48.13065501033636,13.14567620741323,186.76041365656576
lamah_206680,Wald-(Schwarze) Aist at Weitersfelden,Austria,48.47166999160166,14.721926431732008,101.1548244883151
lamah_207688,Ybbs at Greimpersdorf,Austria,48.111343756164885,14.89193955091337,1113.7180797850565
lamah_208082,Wien at Kennedybruecke,Austria,48.18781665116475,16.307231269226744,200.0522619006552
lamah_208439,Fischa at Fischamend (Rohrbruecke),Austria,48.10312327533647,16.61278381761683,545.2917461586464
lamah_208579,Braunaubach at Hoheneich,Austria,48.77124357583951,15.007511287910791,288.64210738571046
lamah_208710,Schwarza at Gloggnitz (Adlerbruecke),Austria,47.67684169310528,15.937816444110336,469.4909163525899
lamah_209734,Taxenbach at Peigarten,Austria,48.88934772461023,15.27641442045369,155.95739932213047
lamah_210237,Pinka at Woppendorf,Austria,47.20383670613551,16.391610306350156,418.8218084738558
lamah_210989,Raab at Feldbach,Austria,46.95710036918212,15.887414994506829,689.1851506160046
lamah_211029,Feistritz at Anger,Austria,47.27829212729716,15.689871344857483,408.6057493908918
lamah_212167,Isel at Lienz,Austria,46.8316904355296,12.76621325378651,1195.115732176751
lamah_212316,Drau at Lienz-Peggetz,Austria,46.82453707100478,12.784092184389156,1872.3481689787388
lamah_212753,Gail at Noetsch,Austria,46.58160255159356,13.615292188371098,905.5491537605466
lamah_212894,Metnitz at Hirt,Austria,46.90016608126523,14.440218246164708,469.84179621591466
lamah_213025,Glanfurt at Weinlaender,Austria,46.60030084932522,14.31211905365271,214.61706167723295
lamah_213116,Treffner Bach at Toebring,Austria,46.65298900900245,13.865829045736051,139.8598428883827
lamah_213405,Olsabach at Guldendorf,Austria,46.98072996763708,14.387956452750512,163.29434530788578
lamah_230342,Oetztaler Ache at Brunau,Austria,47.22373516697442,10.860347754419582,888.8072315255235
lamah_2498,Glenner at Castrisch,Switzerland,46.77358742805172,9.210629083725925,383.3461542063432
lamah_301,Morava at Raskov,Czech Republic,50.04084248128712,16.911072112133873,349.800305010315
lamah_310,Morava at Moravicany,Czech Republic,49.75561422332249,16.97591891882039,1558.001786280313
lamah_326,Roznovska Becva at Valasske Mezirici,Czech Republic,49.47276855357569,17.977354591705126,252.56790342859335
lamah_371,Svratka at Dalecin,Czech Republic,49.59536110159518,16.245007350775563,365.1396812745152
lamah_390,Jihlava at Mohelno,Czech Republic,49.10268685950055,16.182052460305542,1154.9445069385729
lamah_76184,Schmiech at Ehingen-Berkach,Germany,48.29957006416195,9.72248111591749,167.3186411842952
camelsgb_15016,Tay at Kenmore,Scotland,56.59638814308706,-3.9850617805403457,595.5085047132471
camelsgb_17005,Avon at Polmonthill,Scotland,55.99837264372875,-3.6819988231395016,193.9760508019449
camelsgb_18010,Forth at Gargunnock,Scotland,56.13266076218777,-4.070571456405139,389.5239701626653
camelsgb_21015,Leader Water at Earlston,Scotland,55.64080061281626,-2.6929128448120925,238.1606233577271
camelsgb_27049,Rye at Ness,England,54.20381829447295,-0.9369676117965942,236.73271407492703
camelsgb_28050,Torne at Auckley,England,53.50371665901876,-1.0278192834991755,129.73701605635534
camelsgb_28080,Tame at Lea Marston Lakes,England,52.54076370312556,-1.6947466569222134,792.5456011220696
camelsgb_33013,Sapiston at Rectory Bridge,England,52.37666197586694,0.7834193278851367,195.3518436861883
camelsgb_33053,Granta at Stapleford,England,52.14187429679185,0.1479488279810952,113.5574681315514
camelsgb_38018,Upper Lee at Water Hall,England,51.77313877659056,-0.1175291737567128,157.19387095617384
camelsgb_41005,Ouse at Gold Bridge,England,50.974056522394186,0.0341145238251171,182.05085359606247
camelsgb_42001,Wallington at North Fareham,England,50.863671435737054,-1.1666315371924,111.34760319078536
camelsgb_42010,Itchen at Highbridge & Allbrook Total,England,50.98765880575439,-1.344171400784172,338.8983879799596
camelsgb_44001,Frome at East Stoke Total,England,50.68105446381929,-2.189228526740144,413.4086380275799
camelsgb_45005,Otter at Dotton,England,50.68837188137154,-3.294337292032177,202.21627475876625
camelsgb_47005,Ottery at Werrington Park,England,50.65539886680807,-4.353714392934244,121.22617675375876
camelsgb_49001,Camel at Denby,England,50.47963402641098,-4.795672951569474,209.1733072572664
camelsgb_53018,Avon at Bathford,England,51.40182623546493,-2.309983208406971,1564.6806899767248
camelsgb_54018,Rea Brook at Hookagate,England,52.678121890926334,-2.7917060554273294,172.27889070071302
camelsgb_55014,Lugg at Byton,England,52.276657054630434,-2.933123300675943,201.87032984482312
camelsgb_55025,Llynfi at Three Cocks,Wales,52.030480644669034,-3.216911808300427,131.1953197425702
camelsgb_56002,Ebbw at Rhiwderin,Wales,51.59386093547526,-3.0715663668215982,211.14316268208609
camelsgb_60003,Taf at Clog-y-Fran,Wales,51.8150962976726,-4.5571824224932245,215.5939380384355
camelsgb_6007,Ness at Ness-side,Scotland,57.45453658767128,-4.259846865817447,1821.7171256161744
camelsgb_61002,Eastern Cleddau at Canaston Bridge,Wales,51.80295080111878,-4.797370638275731,181.1509060432402
camelsgb_66011,Conwy at Cwmlanerch,Wales,53.10637528672739,-3.792062517799895,338.8549651628556
camelsgb_68005,Weaver at Audlem,England,52.98356596473557,-2.518982509514942,200.7062462480363
camelsgb_69002,Irwell at Adelphi Weir,England,53.485249615349744,-2.266412336672861,550.2596061447332
camelsgb_69030,Sankey Brook at Causey Bridges,England,53.42508637896629,-2.62225445046265,147.22056233428947
camelsgb_74005,Ehen at Braystones,England,54.44017277938171,-3.5293814539488326,129.00815103615463
camelsgb_76005,Eden at Temple Sowerby,England,54.648387679696654,-2.6143966248806887,615.9334798426424
camelsgb_8009,Dulnain at Balnaan Bridge,Scotland,57.3019575933403,-3.6991153847831697,270.95476685125766
camelsgb_81003,Luce at Airyhemming,Scotland,54.90073648492813,-4.839719169630001,169.91231467173012
camelsgb_81006,Water of Minnoch at Minnoch Bridge,Scotland,55.038871423117584,-4.563503073487043,138.3947420407916
camelsgb_82003,Stinchar at Balnowlart,Scotland,55.107178703665184,-4.968322164134335,323.0570323099551
camelsgb_83006,Ayr at Mainholm,Scotland,55.46104475192369,-4.592546215572651,576.5003090523638
camelsgb_84014,Avon Water at Fairholm,Scotland,55.74419907015001,-3.986819754337453,261.91532711478965
camelsgb_95001,Inver at Little Assynt,Scotland,58.17412200139744,-5.152603096369135,137.73799965691634
camelsgb_96001,Halladale at Halladale,Scotland,58.47881082150838,-3.90301922171066,192.7956762254119
camelsaus_105105A,East Normanby River at Development Road,Australia,-15.771111111,145.014166667,297.19526398513426
camelsaus_108003A,Bloomfield River at China Camp,Australia,-15.988333333,145.2875,263.56253619350645
camelsaus_116014A,Wild River at Silver Valley,Australia,-17.625,145.298888889,587.5905295600439
camelsaus_116015A,Blunder Creek at Wooroora,Australia,-17.735277778,145.438055556,126.41707132315004
camelsaus_215004,Corang River at Hockeys,Australia,-35.146944445,150.033055556,163.71861966208547
camelsaus_221207,Errinundra River at Errinundra,Australia,-37.447222222,148.914166667,157.8487482733624
camelsaus_224206,Wonnangatta River at Crooked River,Australia,-37.406388889,147.088055556,1102.7049908691026
camelsaus_227227,Wilkur Creek at Leongatha,Australia,-38.393333334,145.957222223,105.26102899820756
camelsaus_308145,Franklin River at Mt Fincham Track,Australia,-42.241666667,145.767222223,773.3489104495146
camelsaus_401203,Mitta Mitta River at Hinnomunjie,Australia,-36.948055556,147.606944445,1521.2985785224273
camelsaus_401210,Snowy Creek at Below Granite Flat,Australia,-36.568611111,147.413611111,413.0335703530202
camelsaus_401217,Gibbo River at Gibbo Park,Australia,-36.756111111,147.708611111,389.4391148919398
camelsaus_403226,Boggy Creek at Angleside,Australia,-36.605555556,146.362222223,108.04103208712692
camelsaus_405245,Ford Creek at Mansfield,Australia,-37.038611111,146.053888889,117.46532730491674
camelsaus_405263,Goulburn River at U/S of Snake Creek Junction,Australia,-37.462777778,146.247777778,327.4754691218569
camelsaus_410057,Goobarragandra River at Lacmalac,Australia,-35.33,148.348888889,664.8818967183228
camelsaus_422313B,Emu Creek at Emu Vale,Australia,-28.228333333,152.226666667,154.04797550343548
camelsaus_917107A,Elizabeth Creek at Mount Surprise,Australia,-18.133611111,144.306666667,459.6119368063463
camelsaus_A2390519,Mosquito Creek at Struan,Australia,-37.094722222,140.775833334,1549.62582617103
camelsaus_A5050517,North Para River at Penrice,Australia,-34.463333334,139.058333334,116.2689343236074
camelsaus_G0060005,Trephina Creek at Trephina Gorge,Australia,-23.533611111,134.380555556,437.5484926999444
camelsbr_17345000,base do cachimbo,Brazil,-9.358889,-54.903889,495.2821467341644
camelsbr_21750000,lavandeira,Brazil,-12.793611,-46.512222,1081.41193376628
camelsbr_39084010,nazare da mata,Brazil,-7.754167,-35.233056,690.2407602340882
camelsbr_40680000,entre rios de minas,Brazil,-20.661111,-44.072222,498.517857276026
camelsbr_40811100,jardim,Brazil,-20.0475,-44.408889,111.24043963462849
camelsbr_50420000,jacobina,Brazil,-11.211389,-40.470278,1310.298415539892
camelsbr_50720000,fazenda sao francisco,Brazil,-12.332222,-38.791389,1217.4925580673637
camelsbr_53091000,provisao ii,Brazil,-14.658333,-39.223333,1203.162227502996
camelsbr_53125000,fazenda manaus,Brazil,-15.1531,-39.7692,834.7082242583244
camelsbr_54485000,fazenda facao,Brazil,-16.971111,-42.115556,1191.4042284735551
camelsbr_55900000,barra de sao francisco,Brazil,-18.753056,-40.8925,221.4938739726584
camelsbr_56065000,senador firmino,Brazil,-20.911667,-43.097222,285.97105382325043
camelsbr_56085000,seriquite,Brazil,-20.723333,-42.922778,334.44311371621643
camelsbr_56240000,fazenda paraiso,Brazil,-20.390278,-43.181944,815.5758833165021
camelsbr_56989001,mutum,Brazil,-19.810556,-41.4375,1190.496195280454
camelsbr_57300000,pau d'alho,Brazil,-20.885556,-40.946389,293.34359779283784
camelsbr_58030000,estrada do cunha,Brazil,-22.996667,-45.0425,780.4804030016828
camelsbr_58765001,usina mauricio,Brazil,-21.471389,-42.829722,1786.8499102027902
camelsbr_58850000,pimentel,Brazil,-21.77,-41.938333,1813.677891886249
camelsbr_60110000,abadia dos dourados,Brazil,-18.491111,-47.406389,1979.325475455401
camelsbr_60130000,fazenda cachoeira,Brazil,-18.780833,-47.408889,135.4228718049729
camelsbr_60435200,rodeador - df 435,Brazil,-15.725,-48.168333,112.17711704595962
camelsbr_60476100,df-06 / df 250,Brazil,-15.741389,-47.674444,680.9090215327302
camelsbr_61250000,fazenda da guarda,Brazil,-22.687778,-45.479722,107.08270294179005
camelsbr_61473000,baependi,Brazil,-21.951111,-44.879722,621.8975848981457
camelsbr_65006075,pinhais,Brazil,-25.453889,-49.171389,374.98044849143616
camelsbr_65809000,eta - guarapuava,Brazil,-25.397778,-51.435833,311.26592851791185
camelsbr_70300000,fazenda mineira,Brazil,-28.09,-50.061111,1163.932098299388
camelsbr_73820000,passo pio x,Brazil,-26.859444,-52.904722,1046.2194602646005
camelsbr_74295000,linha jatai,Brazil,-27.013333,-53.295278,300.03149237109955
camelsbr_81140000,cerro azul,Brazil,-24.8275,-49.2628,447.8875947998865
camelsbr_83675000,arrozeira,Brazil,-26.741389,-49.271111,528.2610405590019
camelsbr_84150100,eta casan-montante,Brazil,-27.6925,-48.709722,537.8339064084638
camelsbr_86745000,passo do coimbra,Brazil,-29.216111,-52.162222,798.1061632167135
